NoG,Events,Fold,Error
10,Train,0,0.006231901346473024
10,Validation,0,0.0010274965199641884
10,Train,1,0.00733333378448151
10,Validation,1,0.0005675859953043983
10,Train,2,0.007964232144877315
10,Validation,2,0.0011429800419136883
10,Train,3,0.007890269195195287
10,Validation,3,0.023950890032574536
10,Train,4,0.0018377557382336818
10,Validation,4,0.15211355686187744
