NoG,Events,Fold,Error
4,Train,0,0.007670293375849724
4,Validation,0,0.0005911000916967168
4,Train,1,0.00994680228177458
4,Validation,1,0.0007922902470454574
4,Train,2,0.007705721212550998
4,Validation,2,0.0015834485297091306
4,Train,3,0.00856091467430815
4,Validation,3,0.018278654478490353
4,Train,4,0.006173966929782182
4,Validation,4,0.1485928326845169
