NoG,Events,Fold,Error
8,Train,0,0.006189210974844173
8,Validation,0,0.0006331082404358312
8,Train,1,0.006957632984267548
8,Validation,1,0.0005455048987641931
8,Train,2,0.007541780569590628
8,Validation,2,0.0009608369029592723
8,Train,3,0.006038552452810109
8,Validation,3,0.02236141189932823
8,Train,4,0.00184972015558742
8,Validation,4,0.12095544934272766
