NoG,Events,Fold,Error
2,Train,0,0.023935361113399268
2,Validation,0,0.0025520111434161664
2,Train,1,0.024922527838498354
2,Validation,1,0.004404787067323923
2,Train,2,0.026389092905446887
2,Validation,2,0.006799091445282101
2,Train,3,0.02260591839440167
2,Validation,3,0.015187956206500531
2,Train,4,0.009150099090766162
2,Validation,4,0.2061564415693283
