NoG,Events,Fold,Error
4,Train,0,0.00990522833308205
4,Validation,0,0.0015585628570988774
4,Train,1,0.009829804243054241
4,Validation,1,0.0006427512271329761
4,Train,2,0.011262147477827967
4,Validation,2,0.00100730016711168
4,Train,3,0.00853932333411649
4,Validation,3,0.030596894584596156
4,Train,4,0.001459765320760198
4,Validation,4,0.10692868083715439
