NoG,Events,Fold,Error
2,Train,0,0.02291974788531661
2,Validation,0,0.0030252430122345688
2,Train,1,0.02227021222934127
2,Validation,1,0.00442864685319364
2,Train,2,0.022382074641063808
2,Validation,2,0.006826435122638941
2,Train,3,0.024395840149372815
2,Validation,3,0.016396318655461074
2,Train,4,0.009944115544203668
2,Validation,4,0.1875826597213745
