NoG,Events,Fold,Error
6,Train,0,0.0069484028965234755
6,Validation,0,0.0009358623647131026
6,Train,1,0.006472088897135108
6,Validation,1,0.0006501382013084367
6,Train,2,0.007727711694315076
6,Validation,2,0.0011265826411545276
6,Train,3,0.03129636538214982
6,Validation,3,0.01278837900608778
6,Train,4,0.0022432372119510547
6,Validation,4,0.12923985049128534
