NoG,Events,Fold,Error
7,Train,0,0.007289310952182859
7,Validation,0,0.000803618086501956
7,Train,1,0.005455740290926769
7,Validation,1,0.0009034507907927037
7,Train,2,0.010835857316851615
7,Validation,2,0.0011595958727411925
7,Train,3,0.006082518806215376
7,Validation,3,0.016604101937264203
7,Train,4,0.002894125273451209
7,Validation,4,0.1722993418574333
