NoG,Events,Fold,Error
5,Train,0,0.005315125966444611
5,Validation,0,0.0005876614217413589
5,Train,1,0.005696681252447888
5,Validation,1,0.00066411123261787
5,Train,2,0.008394620893523098
5,Validation,2,0.0011875027092173695
5,Train,3,0.0172246789210476
5,Validation,3,0.00665461216121912
5,Train,4,0.008809138648211956
5,Validation,4,0.15990923047065736
