NoG,Events,Fold,Error
5,Train,0,0.006053825496928766
5,Validation,0,0.0005923476433963515
5,Train,1,0.009537170478142797
5,Validation,1,0.0007741542533040047
5,Train,2,0.007876776426564902
5,Validation,2,0.0018041873583570123
5,Train,3,0.00843975564930588
5,Validation,3,0.025126047804951666
5,Train,4,0.006208736333064735
5,Validation,4,0.11902114525437354
