NoG,Events,Fold,Error
7,Train,0,0.009192319260910154
7,Validation,0,0.0012897156469989569
7,Train,1,0.010859883751254528
7,Validation,1,0.000840505730593577
7,Train,2,0.00825095527106896
7,Validation,2,0.0010061139590106904
7,Train,3,0.020402671198826283
7,Validation,3,0.025703933089971542
7,Train,4,0.0024574427545303477
7,Validation,4,0.07676036059856414
