NoG,Events,Fold,Error
9,Train,0,0.007817770843394101
9,Validation,0,0.0007369649334577844
9,Train,1,0.006123418977949768
9,Validation,1,0.0005287978128762916
9,Train,2,0.008346071874257177
9,Validation,2,0.0007849619491025805
9,Train,3,0.007352456549415365
9,Validation,3,0.024065067525953054
9,Train,4,0.00911371859256178
9,Validation,4,0.2010784849524498
