NoG,Events,Fold,Error
6,Train,0,0.006228195037692785
6,Validation,0,0.0010781769582536072
6,Train,1,0.008757213782519101
6,Validation,1,0.0005980205081868917
6,Train,2,0.008152443385915831
6,Validation,2,0.0008838106936309486
6,Train,3,0.01138861917424947
6,Validation,3,0.0069646249990910295
6,Train,4,0.006535147555405274
6,Validation,4,0.173010715842247
