NoG,Events,Fold,Error
3,Train,0,0.009930520202033222
3,Validation,0,0.0007892877445556223
3,Train,1,0.012260067276656628
3,Validation,1,0.0013171933125704527
3,Train,2,0.012430281762499362
3,Validation,2,0.002302365773357451
3,Train,3,0.04093996062874794
3,Validation,3,0.015541634522378445
3,Train,4,0.0031301457434892654
3,Validation,4,0.23897645026445388
