NoG,Events,Fold,Error
3,Train,0,0.01129869498545304
3,Validation,0,0.0008314838516525925
3,Train,1,0.012309020478278398
3,Validation,1,0.0015950743574649096
3,Train,2,0.011588685493916274
3,Validation,2,0.0024438089923933147
3,Train,3,0.036783536849543455
3,Validation,3,0.021401865780353545
3,Train,4,0.0031817739713005722
3,Validation,4,0.16210248619318007
