NoG,Events,Fold,Error
8,Train,0,0.00655157829169184
8,Validation,0,0.0009463891445193439
8,Train,1,0.008277240343159065
8,Validation,1,0.0004454806650755927
8,Train,2,0.0070222266484051945
8,Validation,2,0.0008162563084624707
8,Train,3,0.009033641946734861
8,Validation,3,0.00697327108355239
8,Train,4,0.05420212494209409
8,Validation,4,0.12257182970643044
